Handle,Title,Body (HTML),Vendor,Type,Tags,Published,Option1 Name,Option1 Value,Option2 Name,Option2 Value,Variant SKU,Variant Grams,Variant Inventory Tracker,Variant Inventory Qty,Variant Inventory Policy,Variant Fulfillment Service,Variant Price,Variant Compare At Price,Variant Requires Shipping,Variant Taxable,Image Src,Image Position,Image Alt Text,Status
short-sport,Short Sport,"<p>Le <strong>Short Sport</strong> — la référence UrbanSports pour vos entraînements intensifs. Tissu léger et respirant, coupe athlétique, élastique réglable. Disponible en plusieurs coloris.</p>",Casa Outlet,Short,"short, sport, urbansports, bestseller",TRUE,Couleur,Bleu,Taille,S,CO-SHORT-SPORT-BLE-S,300,shopify,50,deny,manual,28.99,39.99,TRUE,TRUE,https://cdn.shopify.com/s/files/1/0838/2195/3356/files/WhatsAppImage2024-08-06at22.09.47_1_939e8943-f069-4657-9eba-532b09a6efb3.jpg?v=1723381259,1,Short Sport,active
short-sport,,,,,,,Couleur,Bleu,Taille,M,CO-SHORT-SPORT-BLE-M,300,shopify,50,deny,manual,28.99,39.99,TRUE,TRUE,,,,
short-sport,,,,,,,Couleur,Bleu,Taille,L,CO-SHORT-SPORT-BLE-L,300,shopify,50,deny,manual,28.99,39.99,TRUE,TRUE,,,,
short-sport,,,,,,,Couleur,Bleu,Taille,XL,CO-SHORT-SPORT-BLE-XL,300,shopify,50,deny,manual,28.99,39.99,TRUE,TRUE,,,,
short-sport,,,,,,,,,,,,,,,,,,,,,https://cdn.shopify.com/s/files/1/0838/2195/3356/files/WhatsAppImage2024-08-06at22.09.50_1.jpg?v=1723381297,2,Short Sport - vue 2,
short-sport,,,,,,,Couleur,Blanc,Taille,S,CO-SHORT-SPORT-BLA-S,300,shopify,50,deny,manual,28.99,39.99,TRUE,TRUE,,,,
short-sport,,,,,,,Couleur,Blanc,Taille,M,CO-SHORT-SPORT-BLA-M,300,shopify,50,deny,manual,28.99,39.99,TRUE,TRUE,,,,
short-sport,,,,,,,Couleur,Blanc,Taille,L,CO-SHORT-SPORT-BLA-L,300,shopify,50,deny,manual,28.99,39.99,TRUE,TRUE,,,,
short-sport,,,,,,,Couleur,Blanc,Taille,XL,CO-SHORT-SPORT-BLA-XL,300,shopify,50,deny,manual,28.99,39.99,TRUE,TRUE,,,,
short-sport,,,,,,,Couleur,Noir,Taille,S,CO-SHORT-SPORT-NOI-S,300,shopify,50,deny,manual,28.99,39.99,TRUE,TRUE,,,,
short-sport,,,,,,,Couleur,Noir,Taille,M,CO-SHORT-SPORT-NOI-M,300,shopify,50,deny,manual,28.99,39.99,TRUE,TRUE,,,,
short-sport,,,,,,,Couleur,Noir,Taille,L,CO-SHORT-SPORT-NOI-L,300,shopify,50,deny,manual,28.99,39.99,TRUE,TRUE,,,,
short-sport,,,,,,,Couleur,Noir,Taille,XL,CO-SHORT-SPORT-NOI-XL,300,shopify,50,deny,manual,28.99,39.99,TRUE,TRUE,,,,
short-sport,,,,,,,Couleur,Taupe,Taille,S,CO-SHORT-SPORT-TAU-S,300,shopify,50,deny,manual,28.99,39.99,TRUE,TRUE,,,,
short-sport,,,,,,,Couleur,Taupe,Taille,M,CO-SHORT-SPORT-TAU-M,300,shopify,50,deny,manual,28.99,39.99,TRUE,TRUE,,,,
short-sport,,,,,,,Couleur,Taupe,Taille,L,CO-SHORT-SPORT-TAU-L,300,shopify,50,deny,manual,28.99,39.99,TRUE,TRUE,,,,
short-sport,,,,,,,Couleur,Taupe,Taille,XL,CO-SHORT-SPORT-TAU-XL,300,shopify,50,deny,manual,28.99,39.99,TRUE,TRUE,,,,
short-rando,Short Rando,"<p>Le <strong>Short Rando</strong> — idéal pour la randonnée et le sport outdoor. Poches latérales, tissu résistant et confortable. Coupe légèrement ample.</p>",Casa Outlet,Short,"short, rando, urbansports, nouveau",TRUE,Couleur,Gris,Taille,S,CO-SHORT-RANDO-GRI-S,300,shopify,50,deny,manual,28.99,39.99,TRUE,TRUE,https://cdn.shopify.com/s/files/1/0838/2195/3356/files/WhatsAppImage2024-08-06at22.09.28_1.jpg?v=1723380764,1,Short Rando,active
short-rando,,,,,,,Couleur,Gris,Taille,M,CO-SHORT-RANDO-GRI-M,300,shopify,50,deny,manual,28.99,39.99,TRUE,TRUE,,,,
short-rando,,,,,,,Couleur,Gris,Taille,L,CO-SHORT-RANDO-GRI-L,300,shopify,50,deny,manual,28.99,39.99,TRUE,TRUE,,,,
short-rando,,,,,,,Couleur,Gris,Taille,XL,CO-SHORT-RANDO-GRI-XL,300,shopify,50,deny,manual,28.99,39.99,TRUE,TRUE,,,,
short-rando,,,,,,,,,,,,,,,,,,,,,https://cdn.shopify.com/s/files/1/0838/2195/3356/files/WhatsAppImage2024-08-06at22.09.30.jpg?v=1723380808,2,Short Rando - vue 2,
short-rando,,,,,,,Couleur,Noir,Taille,S,CO-SHORT-RANDO-NOI-S,300,shopify,50,deny,manual,28.99,39.99,TRUE,TRUE,,,,
short-rando,,,,,,,Couleur,Noir,Taille,M,CO-SHORT-RANDO-NOI-M,300,shopify,50,deny,manual,28.99,39.99,TRUE,TRUE,,,,
short-rando,,,,,,,Couleur,Noir,Taille,L,CO-SHORT-RANDO-NOI-L,300,shopify,50,deny,manual,28.99,39.99,TRUE,TRUE,,,,
short-rando,,,,,,,Couleur,Noir,Taille,XL,CO-SHORT-RANDO-NOI-XL,300,shopify,50,deny,manual,28.99,39.99,TRUE,TRUE,,,,
short-rando,,,,,,,Couleur,Orange,Taille,S,CO-SHORT-RANDO-ORA-S,300,shopify,50,deny,manual,28.99,39.99,TRUE,TRUE,,,,
short-rando,,,,,,,Couleur,Orange,Taille,M,CO-SHORT-RANDO-ORA-M,300,shopify,50,deny,manual,28.99,39.99,TRUE,TRUE,,,,
short-rando,,,,,,,Couleur,Orange,Taille,L,CO-SHORT-RANDO-ORA-L,300,shopify,50,deny,manual,28.99,39.99,TRUE,TRUE,,,,
short-rando,,,,,,,Couleur,Orange,Taille,XL,CO-SHORT-RANDO-ORA-XL,300,shopify,50,deny,manual,28.99,39.99,TRUE,TRUE,,,,
short-rando,,,,,,,Couleur,Taupe,Taille,S,CO-SHORT-RANDO-TAU-S,300,shopify,50,deny,manual,28.99,39.99,TRUE,TRUE,,,,
short-rando,,,,,,,Couleur,Taupe,Taille,M,CO-SHORT-RANDO-TAU-M,300,shopify,50,deny,manual,28.99,39.99,TRUE,TRUE,,,,
short-rando,,,,,,,Couleur,Taupe,Taille,L,CO-SHORT-RANDO-TAU-L,300,shopify,50,deny,manual,28.99,39.99,TRUE,TRUE,,,,
short-rando,,,,,,,Couleur,Taupe,Taille,XL,CO-SHORT-RANDO-TAU-XL,300,shopify,50,deny,manual,28.99,39.99,TRUE,TRUE,,,,
short-good,Short Good,"<p>Le <strong>Short Good</strong> — le polyvalent parfait. Du sport au quotidien, il s'adapte à toutes les situations. Tissu doux et respirant.</p>",Casa Outlet,Short,"short, good, urbansports",TRUE,Couleur,Noir,Taille,S,CO-SHORT-GOOD-NOI-S,300,shopify,50,deny,manual,28.99,39.99,TRUE,TRUE,https://cdn.shopify.com/s/files/1/0838/2195/3356/files/Capture_d_ecran_2024-08-09_a_14.48.56.png?v=1723418755,1,Short Good,active
short-good,,,,,,,Couleur,Noir,Taille,M,CO-SHORT-GOOD-NOI-M,300,shopify,50,deny,manual,28.99,39.99,TRUE,TRUE,,,,
short-good,,,,,,,Couleur,Noir,Taille,L,CO-SHORT-GOOD-NOI-L,300,shopify,50,deny,manual,28.99,39.99,TRUE,TRUE,,,,
short-good,,,,,,,Couleur,Noir,Taille,XL,CO-SHORT-GOOD-NOI-XL,300,shopify,50,deny,manual,28.99,39.99,TRUE,TRUE,,,,
short-good,,,,,,,,,,,,,,,,,,,,,https://cdn.shopify.com/s/files/1/0838/2195/3356/files/WhatsAppImage2024-08-06at22.08.29_1.jpg?v=1723418770,2,Short Good - vue 2,
short-good,,,,,,,Couleur,Bleu,Taille,S,CO-SHORT-GOOD-BLE-S,300,shopify,50,deny,manual,28.99,39.99,TRUE,TRUE,,,,
short-good,,,,,,,Couleur,Bleu,Taille,M,CO-SHORT-GOOD-BLE-M,300,shopify,50,deny,manual,28.99,39.99,TRUE,TRUE,,,,
short-good,,,,,,,Couleur,Bleu,Taille,L,CO-SHORT-GOOD-BLE-L,300,shopify,50,deny,manual,28.99,39.99,TRUE,TRUE,,,,
short-good,,,,,,,Couleur,Bleu,Taille,XL,CO-SHORT-GOOD-BLE-XL,300,shopify,50,deny,manual,28.99,39.99,TRUE,TRUE,,,,
short-good,,,,,,,Couleur,Gris,Taille,S,CO-SHORT-GOOD-GRI-S,300,shopify,50,deny,manual,28.99,39.99,TRUE,TRUE,,,,
short-good,,,,,,,Couleur,Gris,Taille,M,CO-SHORT-GOOD-GRI-M,300,shopify,50,deny,manual,28.99,39.99,TRUE,TRUE,,,,
short-good,,,,,,,Couleur,Gris,Taille,L,CO-SHORT-GOOD-GRI-L,300,shopify,50,deny,manual,28.99,39.99,TRUE,TRUE,,,,
short-good,,,,,,,Couleur,Gris,Taille,XL,CO-SHORT-GOOD-GRI-XL,300,shopify,50,deny,manual,28.99,39.99,TRUE,TRUE,,,,
short-speed,Short Speed,"<p>Le <strong>Short Speed</strong> — conçu pour la performance. Coupe ultra-légère, technologie Dry-Fit, idéal pour la course à pied et le CrossFit.</p>",Casa Outlet,Short,"short, speed, running, urbansports",TRUE,Couleur,Noir,Taille,S,CO-SHORT-SPEED-NOI-S,300,shopify,50,deny,manual,28.99,39.99,TRUE,TRUE,https://cdn.shopify.com/s/files/1/0838/2195/3356/files/WhatsAppImage2024-08-06at22.10.03_1.jpg?v=1723381541,1,Short Speed,active
short-speed,,,,,,,Couleur,Noir,Taille,M,CO-SHORT-SPEED-NOI-M,300,shopify,50,deny,manual,28.99,39.99,TRUE,TRUE,,,,
short-speed,,,,,,,Couleur,Noir,Taille,L,CO-SHORT-SPEED-NOI-L,300,shopify,50,deny,manual,28.99,39.99,TRUE,TRUE,,,,
short-speed,,,,,,,Couleur,Noir,Taille,XL,CO-SHORT-SPEED-NOI-XL,300,shopify,50,deny,manual,28.99,39.99,TRUE,TRUE,,,,
short-speed,,,,,,,,,,,,,,,,,,,,,https://cdn.shopify.com/s/files/1/0838/2195/3356/files/WhatsAppImage2024-08-06at22.10.04.jpg?v=1723381542,2,Short Speed - vue 2,
short-speed,,,,,,,Couleur,Bleu Roi,Taille,S,CO-SHORT-SPEED-BLE-S,300,shopify,50,deny,manual,28.99,39.99,TRUE,TRUE,,,,
short-speed,,,,,,,Couleur,Bleu Roi,Taille,M,CO-SHORT-SPEED-BLE-M,300,shopify,50,deny,manual,28.99,39.99,TRUE,TRUE,,,,
short-speed,,,,,,,Couleur,Bleu Roi,Taille,L,CO-SHORT-SPEED-BLE-L,300,shopify,50,deny,manual,28.99,39.99,TRUE,TRUE,,,,
short-speed,,,,,,,Couleur,Bleu Roi,Taille,XL,CO-SHORT-SPEED-BLE-XL,300,shopify,50,deny,manual,28.99,39.99,TRUE,TRUE,,,,
short-speed,,,,,,,Couleur,Bleu Sarcelle,Taille,S,CO-SHORT-SPEED-BLE-S,300,shopify,50,deny,manual,28.99,39.99,TRUE,TRUE,,,,
short-speed,,,,,,,Couleur,Bleu Sarcelle,Taille,M,CO-SHORT-SPEED-BLE-M,300,shopify,50,deny,manual,28.99,39.99,TRUE,TRUE,,,,
short-speed,,,,,,,Couleur,Bleu Sarcelle,Taille,L,CO-SHORT-SPEED-BLE-L,300,shopify,50,deny,manual,28.99,39.99,TRUE,TRUE,,,,
short-speed,,,,,,,Couleur,Bleu Sarcelle,Taille,XL,CO-SHORT-SPEED-BLE-XL,300,shopify,50,deny,manual,28.99,39.99,TRUE,TRUE,,,,
short-dry,Short Dry,"<p>Le <strong>Short Dry</strong> — technologie séchage rapide. Parfait pour les séances intenses. Tissu anti-transpirant, maintien parfait.</p>",Casa Outlet,Short,"short, dry, sport, urbansports",TRUE,Couleur,Bleu,Taille,S,CO-SHORT-DRY-BLE-S,300,shopify,50,deny,manual,28.99,39.99,TRUE,TRUE,https://cdn.shopify.com/s/files/1/0838/2195/3356/files/WhatsAppImage2024-08-06at22.07.17_1.jpg?v=1723042482,1,Short Dry,active
short-dry,,,,,,,Couleur,Bleu,Taille,M,CO-SHORT-DRY-BLE-M,300,shopify,50,deny,manual,28.99,39.99,TRUE,TRUE,,,,
short-dry,,,,,,,Couleur,Bleu,Taille,L,CO-SHORT-DRY-BLE-L,300,shopify,50,deny,manual,28.99,39.99,TRUE,TRUE,,,,
short-dry,,,,,,,Couleur,Bleu,Taille,XL,CO-SHORT-DRY-BLE-XL,300,shopify,50,deny,manual,28.99,39.99,TRUE,TRUE,,,,
short-dry,,,,,,,,,,,,,,,,,,,,,https://cdn.shopify.com/s/files/1/0838/2195/3356/files/WhatsAppImage2024-08-06at22.07.17.jpg?v=1723042503,2,Short Dry - vue 2,
short-dry,,,,,,,Couleur,Gris,Taille,S,CO-SHORT-DRY-GRI-S,300,shopify,50,deny,manual,28.99,39.99,TRUE,TRUE,,,,
short-dry,,,,,,,Couleur,Gris,Taille,M,CO-SHORT-DRY-GRI-M,300,shopify,50,deny,manual,28.99,39.99,TRUE,TRUE,,,,
short-dry,,,,,,,Couleur,Gris,Taille,L,CO-SHORT-DRY-GRI-L,300,shopify,50,deny,manual,28.99,39.99,TRUE,TRUE,,,,
short-dry,,,,,,,Couleur,Gris,Taille,XL,CO-SHORT-DRY-GRI-XL,300,shopify,50,deny,manual,28.99,39.99,TRUE,TRUE,,,,
short-dry,,,,,,,Couleur,Noir,Taille,S,CO-SHORT-DRY-NOI-S,300,shopify,50,deny,manual,28.99,39.99,TRUE,TRUE,,,,
short-dry,,,,,,,Couleur,Noir,Taille,M,CO-SHORT-DRY-NOI-M,300,shopify,50,deny,manual,28.99,39.99,TRUE,TRUE,,,,
short-dry,,,,,,,Couleur,Noir,Taille,L,CO-SHORT-DRY-NOI-L,300,shopify,50,deny,manual,28.99,39.99,TRUE,TRUE,,,,
short-dry,,,,,,,Couleur,Noir,Taille,XL,CO-SHORT-DRY-NOI-XL,300,shopify,50,deny,manual,28.99,39.99,TRUE,TRUE,,,,
short-dry,,,,,,,Couleur,Kaki,Taille,S,CO-SHORT-DRY-KAK-S,300,shopify,50,deny,manual,28.99,39.99,TRUE,TRUE,,,,
short-dry,,,,,,,Couleur,Kaki,Taille,M,CO-SHORT-DRY-KAK-M,300,shopify,50,deny,manual,28.99,39.99,TRUE,TRUE,,,,
short-dry,,,,,,,Couleur,Kaki,Taille,L,CO-SHORT-DRY-KAK-L,300,shopify,50,deny,manual,28.99,39.99,TRUE,TRUE,,,,
short-dry,,,,,,,Couleur,Kaki,Taille,XL,CO-SHORT-DRY-KAK-XL,300,shopify,50,deny,manual,28.99,39.99,TRUE,TRUE,,,,
short-dry,,,,,,,Couleur,Bleu Marine,Taille,S,CO-SHORT-DRY-BLE-S,300,shopify,50,deny,manual,28.99,39.99,TRUE,TRUE,,,,
short-dry,,,,,,,Couleur,Bleu Marine,Taille,M,CO-SHORT-DRY-BLE-M,300,shopify,50,deny,manual,28.99,39.99,TRUE,TRUE,,,,
short-dry,,,,,,,Couleur,Bleu Marine,Taille,L,CO-SHORT-DRY-BLE-L,300,shopify,50,deny,manual,28.99,39.99,TRUE,TRUE,,,,
short-dry,,,,,,,Couleur,Bleu Marine,Taille,XL,CO-SHORT-DRY-BLE-XL,300,shopify,50,deny,manual,28.99,39.99,TRUE,TRUE,,,,
short-bung,Short Bung,"<p>Le <strong>Short Bung</strong> — style urban et confort sport. Cordon de serrage, poches zippées, look streetwear assumé.</p>",Casa Outlet,Short,"short, bung, sport, urbansports",TRUE,Couleur,Bleu Marine,Taille,S,CO-SHORT-BUNG-BLE-S,300,shopify,50,deny,manual,28.99,39.99,TRUE,TRUE,https://cdn.shopify.com/s/files/1/0838/2195/3356/files/WhatsAppImage2024-08-06at22.06.36_1.jpg?v=1723041932,1,Short Bung,active
short-bung,,,,,,,Couleur,Bleu Marine,Taille,M,CO-SHORT-BUNG-BLE-M,300,shopify,50,deny,manual,28.99,39.99,TRUE,TRUE,,,,
short-bung,,,,,,,Couleur,Bleu Marine,Taille,L,CO-SHORT-BUNG-BLE-L,300,shopify,50,deny,manual,28.99,39.99,TRUE,TRUE,,,,
short-bung,,,,,,,Couleur,Bleu Marine,Taille,XL,CO-SHORT-BUNG-BLE-XL,300,shopify,50,deny,manual,28.99,39.99,TRUE,TRUE,,,,
short-bung,,,,,,,,,,,,,,,,,,,,,https://cdn.shopify.com/s/files/1/0838/2195/3356/files/WhatsAppImage2024-08-06at22.06.34_1.jpg?v=1723041823,2,Short Bung - vue 2,
short-bung,,,,,,,Couleur,Noir,Taille,S,CO-SHORT-BUNG-NOI-S,300,shopify,50,deny,manual,28.99,39.99,TRUE,TRUE,,,,
short-bung,,,,,,,Couleur,Noir,Taille,M,CO-SHORT-BUNG-NOI-M,300,shopify,50,deny,manual,28.99,39.99,TRUE,TRUE,,,,
short-bung,,,,,,,Couleur,Noir,Taille,L,CO-SHORT-BUNG-NOI-L,300,shopify,50,deny,manual,28.99,39.99,TRUE,TRUE,,,,
short-bung,,,,,,,Couleur,Noir,Taille,XL,CO-SHORT-BUNG-NOI-XL,300,shopify,50,deny,manual,28.99,39.99,TRUE,TRUE,,,,
short-bung,,,,,,,Couleur,Bleu,Taille,S,CO-SHORT-BUNG-BLE-S,300,shopify,50,deny,manual,28.99,39.99,TRUE,TRUE,,,,
short-bung,,,,,,,Couleur,Bleu,Taille,M,CO-SHORT-BUNG-BLE-M,300,shopify,50,deny,manual,28.99,39.99,TRUE,TRUE,,,,
short-bung,,,,,,,Couleur,Bleu,Taille,L,CO-SHORT-BUNG-BLE-L,300,shopify,50,deny,manual,28.99,39.99,TRUE,TRUE,,,,
short-bung,,,,,,,Couleur,Bleu,Taille,XL,CO-SHORT-BUNG-BLE-XL,300,shopify,50,deny,manual,28.99,39.99,TRUE,TRUE,,,,
short-bung,,,,,,,Couleur,Kaki,Taille,S,CO-SHORT-BUNG-KAK-S,300,shopify,50,deny,manual,28.99,39.99,TRUE,TRUE,,,,
short-bung,,,,,,,Couleur,Kaki,Taille,M,CO-SHORT-BUNG-KAK-M,300,shopify,50,deny,manual,28.99,39.99,TRUE,TRUE,,,,
short-bung,,,,,,,Couleur,Kaki,Taille,L,CO-SHORT-BUNG-KAK-L,300,shopify,50,deny,manual,28.99,39.99,TRUE,TRUE,,,,
short-bung,,,,,,,Couleur,Kaki,Taille,XL,CO-SHORT-BUNG-KAK-XL,300,shopify,50,deny,manual,28.99,39.99,TRUE,TRUE,,,,
short-bung,,,,,,,Couleur,Gris,Taille,S,CO-SHORT-BUNG-GRI-S,300,shopify,50,deny,manual,28.99,39.99,TRUE,TRUE,,,,
short-bung,,,,,,,Couleur,Gris,Taille,M,CO-SHORT-BUNG-GRI-M,300,shopify,50,deny,manual,28.99,39.99,TRUE,TRUE,,,,
short-bung,,,,,,,Couleur,Gris,Taille,L,CO-SHORT-BUNG-GRI-L,300,shopify,50,deny,manual,28.99,39.99,TRUE,TRUE,,,,
short-bung,,,,,,,Couleur,Gris,Taille,XL,CO-SHORT-BUNG-GRI-XL,300,shopify,50,deny,manual,28.99,39.99,TRUE,TRUE,,,,
short-military,Short Military,"<p>Le <strong>Short Military</strong> — édition exclusive. Design militaire revisité, tissu résistant, style affirmé pour les warriors du quotidien.</p>",Casa Outlet,Short,"short, military, exclusif, urbansports",TRUE,Couleur,Vert,Taille,S,CO-SHORT-MILITARY-VER-S,300,shopify,50,deny,manual,28.99,39.99,TRUE,TRUE,https://cdn.shopify.com/s/files/1/0838/2195/3356/files/WhatsAppImage2024-08-06at22.06.03.jpg?v=1723041298,1,Short Military,active
short-military,,,,,,,Couleur,Vert,Taille,M,CO-SHORT-MILITARY-VER-M,300,shopify,50,deny,manual,28.99,39.99,TRUE,TRUE,,,,
short-military,,,,,,,Couleur,Vert,Taille,L,CO-SHORT-MILITARY-VER-L,300,shopify,50,deny,manual,28.99,39.99,TRUE,TRUE,,,,
short-military,,,,,,,Couleur,Vert,Taille,XL,CO-SHORT-MILITARY-VER-XL,300,shopify,50,deny,manual,28.99,39.99,TRUE,TRUE,,,,
short-military,,,,,,,,,,,,,,,,,,,,,https://cdn.shopify.com/s/files/1/0838/2195/3356/files/WhatsAppImage2024-08-06at22.06.02.jpg?v=1723041262,2,Short Military - vue 2,
short-military,,,,,,,Couleur,Noir,Taille,S,CO-SHORT-MILITARY-NOI-S,300,shopify,50,deny,manual,28.99,39.99,TRUE,TRUE,,,,
short-military,,,,,,,Couleur,Noir,Taille,M,CO-SHORT-MILITARY-NOI-M,300,shopify,50,deny,manual,28.99,39.99,TRUE,TRUE,,,,
short-military,,,,,,,Couleur,Noir,Taille,L,CO-SHORT-MILITARY-NOI-L,300,shopify,50,deny,manual,28.99,39.99,TRUE,TRUE,,,,
short-military,,,,,,,Couleur,Noir,Taille,XL,CO-SHORT-MILITARY-NOI-XL,300,shopify,50,deny,manual,28.99,39.99,TRUE,TRUE,,,,
short-military,,,,,,,Couleur,Bleu,Taille,S,CO-SHORT-MILITARY-BLE-S,300,shopify,50,deny,manual,28.99,39.99,TRUE,TRUE,,,,
short-military,,,,,,,Couleur,Bleu,Taille,M,CO-SHORT-MILITARY-BLE-M,300,shopify,50,deny,manual,28.99,39.99,TRUE,TRUE,,,,
short-military,,,,,,,Couleur,Bleu,Taille,L,CO-SHORT-MILITARY-BLE-L,300,shopify,50,deny,manual,28.99,39.99,TRUE,TRUE,,,,
short-military,,,,,,,Couleur,Bleu,Taille,XL,CO-SHORT-MILITARY-BLE-XL,300,shopify,50,deny,manual,28.99,39.99,TRUE,TRUE,,,,
short-flex,Short Flex,"<p>Le <strong>Short Flex</strong> — liberté de mouvement totale. Tissu stretch 4 directions, parfait pour le yoga, le pilates et le fitness.</p>",Casa Outlet,Short,"short, flex, sport, urbansports",TRUE,Couleur,Gris Clair,Taille,S,CO-SHORT-FLEX-GRI-S,300,shopify,50,deny,manual,28.99,39.99,TRUE,TRUE,https://cdn.shopify.com/s/files/1/0838/2195/3356/files/WhatsAppImage2024-08-06at22.05.33_2.jpg?v=1723040979,1,Short Flex,active
short-flex,,,,,,,Couleur,Gris Clair,Taille,M,CO-SHORT-FLEX-GRI-M,300,shopify,50,deny,manual,28.99,39.99,TRUE,TRUE,,,,
short-flex,,,,,,,Couleur,Gris Clair,Taille,L,CO-SHORT-FLEX-GRI-L,300,shopify,50,deny,manual,28.99,39.99,TRUE,TRUE,,,,
short-flex,,,,,,,Couleur,Gris Clair,Taille,XL,CO-SHORT-FLEX-GRI-XL,300,shopify,50,deny,manual,28.99,39.99,TRUE,TRUE,,,,
short-flex,,,,,,,,,,,,,,,,,,,,,https://cdn.shopify.com/s/files/1/0838/2195/3356/files/WhatsAppImage2024-08-06at22.05.32.jpg?v=1723040924,2,Short Flex - vue 2,
short-flex,,,,,,,Couleur,Noir,Taille,S,CO-SHORT-FLEX-NOI-S,300,shopify,50,deny,manual,28.99,39.99,TRUE,TRUE,,,,
short-flex,,,,,,,Couleur,Noir,Taille,M,CO-SHORT-FLEX-NOI-M,300,shopify,50,deny,manual,28.99,39.99,TRUE,TRUE,,,,
short-flex,,,,,,,Couleur,Noir,Taille,L,CO-SHORT-FLEX-NOI-L,300,shopify,50,deny,manual,28.99,39.99,TRUE,TRUE,,,,
short-flex,,,,,,,Couleur,Noir,Taille,XL,CO-SHORT-FLEX-NOI-XL,300,shopify,50,deny,manual,28.99,39.99,TRUE,TRUE,,,,
short-flex,,,,,,,Couleur,Gris Foncé,Taille,S,CO-SHORT-FLEX-GRI-S,300,shopify,50,deny,manual,28.99,39.99,TRUE,TRUE,,,,
short-flex,,,,,,,Couleur,Gris Foncé,Taille,M,CO-SHORT-FLEX-GRI-M,300,shopify,50,deny,manual,28.99,39.99,TRUE,TRUE,,,,
short-flex,,,,,,,Couleur,Gris Foncé,Taille,L,CO-SHORT-FLEX-GRI-L,300,shopify,50,deny,manual,28.99,39.99,TRUE,TRUE,,,,
short-flex,,,,,,,Couleur,Gris Foncé,Taille,XL,CO-SHORT-FLEX-GRI-XL,300,shopify,50,deny,manual,28.99,39.99,TRUE,TRUE,,,,
short-flex,,,,,,,Couleur,Bleu,Taille,S,CO-SHORT-FLEX-BLE-S,300,shopify,50,deny,manual,28.99,39.99,TRUE,TRUE,,,,
short-flex,,,,,,,Couleur,Bleu,Taille,M,CO-SHORT-FLEX-BLE-M,300,shopify,50,deny,manual,28.99,39.99,TRUE,TRUE,,,,
short-flex,,,,,,,Couleur,Bleu,Taille,L,CO-SHORT-FLEX-BLE-L,300,shopify,50,deny,manual,28.99,39.99,TRUE,TRUE,,,,
short-flex,,,,,,,Couleur,Bleu,Taille,XL,CO-SHORT-FLEX-BLE-XL,300,shopify,50,deny,manual,28.99,39.99,TRUE,TRUE,,,,
short-run,Short Run,"<p>Le <strong>Short Run</strong> — le compagnon idéal pour le running. Léger, respirant, avec poche téléphone intégrée. Réfléchissant pour courir de nuit.</p>",Casa Outlet,Short,"short, run, running, urbansports",TRUE,Couleur,Noir,Taille,S,CO-SHORT-RUN-NOI-S,300,shopify,50,deny,manual,28.99,39.99,TRUE,TRUE,https://cdn.shopify.com/s/files/1/0838/2195/3356/files/WhatsApp_Image_2024-08-06_at_22.05.04_1.jpg?v=1723040309,1,Short Run,active
short-run,,,,,,,Couleur,Noir,Taille,M,CO-SHORT-RUN-NOI-M,300,shopify,50,deny,manual,28.99,39.99,TRUE,TRUE,,,,
short-run,,,,,,,Couleur,Noir,Taille,L,CO-SHORT-RUN-NOI-L,300,shopify,50,deny,manual,28.99,39.99,TRUE,TRUE,,,,
short-run,,,,,,,Couleur,Noir,Taille,XL,CO-SHORT-RUN-NOI-XL,300,shopify,50,deny,manual,28.99,39.99,TRUE,TRUE,,,,
short-run,,,,,,,,,,,,,,,,,,,,,https://cdn.shopify.com/s/files/1/0838/2195/3356/files/WhatsApp_Image_2024-08-06_at_22.05.05.jpg?v=1723040378,2,Short Run - vue 2,
short-run,,,,,,,Couleur,Gris,Taille,S,CO-SHORT-RUN-GRI-S,300,shopify,50,deny,manual,28.99,39.99,TRUE,TRUE,,,,
short-run,,,,,,,Couleur,Gris,Taille,M,CO-SHORT-RUN-GRI-M,300,shopify,50,deny,manual,28.99,39.99,TRUE,TRUE,,,,
short-run,,,,,,,Couleur,Gris,Taille,L,CO-SHORT-RUN-GRI-L,300,shopify,50,deny,manual,28.99,39.99,TRUE,TRUE,,,,
short-run,,,,,,,Couleur,Gris,Taille,XL,CO-SHORT-RUN-GRI-XL,300,shopify,50,deny,manual,28.99,39.99,TRUE,TRUE,,,,
short-simply,Short Simply,"<p>Le <strong>Short Simply</strong> — la simplicité à son meilleur. Design épuré, tissu doux premium, pour ceux qui aiment l'essentiel.</p>",Casa Outlet,Short,"short, simply, casual, urbansports",TRUE,Couleur,Noir,Taille,S,CO-SHORT-SIMPLY-NOI-S,300,shopify,50,deny,manual,28.99,39.99,TRUE,TRUE,https://cdn.shopify.com/s/files/1/0838/2195/3356/files/download_e1b1e8a8-f76c-44f0-a22e-33c783297f64.png?v=1722586939,1,Short Simply,active
short-simply,,,,,,,Couleur,Noir,Taille,M,CO-SHORT-SIMPLY-NOI-M,300,shopify,50,deny,manual,28.99,39.99,TRUE,TRUE,,,,
short-simply,,,,,,,Couleur,Noir,Taille,L,CO-SHORT-SIMPLY-NOI-L,300,shopify,50,deny,manual,28.99,39.99,TRUE,TRUE,,,,
short-simply,,,,,,,Couleur,Noir,Taille,XL,CO-SHORT-SIMPLY-NOI-XL,300,shopify,50,deny,manual,28.99,39.99,TRUE,TRUE,,,,
short-simply,,,,,,,,,,,,,,,,,,,,,https://cdn.shopify.com/s/files/1/0838/2195/3356/files/download_4042c057-0df3-4644-bc18-f0bd6500f4ac.png?v=1722586896,2,Short Simply - vue 2,
short-simply,,,,,,,Couleur,Bleu,Taille,S,CO-SHORT-SIMPLY-BLE-S,300,shopify,50,deny,manual,28.99,39.99,TRUE,TRUE,,,,
short-simply,,,,,,,Couleur,Bleu,Taille,M,CO-SHORT-SIMPLY-BLE-M,300,shopify,50,deny,manual,28.99,39.99,TRUE,TRUE,,,,
short-simply,,,,,,,Couleur,Bleu,Taille,L,CO-SHORT-SIMPLY-BLE-L,300,shopify,50,deny,manual,28.99,39.99,TRUE,TRUE,,,,
short-simply,,,,,,,Couleur,Bleu,Taille,XL,CO-SHORT-SIMPLY-BLE-XL,300,shopify,50,deny,manual,28.99,39.99,TRUE,TRUE,,,,
short-simply,,,,,,,Couleur,Gris,Taille,S,CO-SHORT-SIMPLY-GRI-S,300,shopify,50,deny,manual,28.99,39.99,TRUE,TRUE,,,,
short-simply,,,,,,,Couleur,Gris,Taille,M,CO-SHORT-SIMPLY-GRI-M,300,shopify,50,deny,manual,28.99,39.99,TRUE,TRUE,,,,
short-simply,,,,,,,Couleur,Gris,Taille,L,CO-SHORT-SIMPLY-GRI-L,300,shopify,50,deny,manual,28.99,39.99,TRUE,TRUE,,,,
short-simply,,,,,,,Couleur,Gris,Taille,XL,CO-SHORT-SIMPLY-GRI-XL,300,shopify,50,deny,manual,28.99,39.99,TRUE,TRUE,,,,
short-simply,,,,,,,Couleur,Blanc,Taille,S,CO-SHORT-SIMPLY-BLA-S,300,shopify,50,deny,manual,28.99,39.99,TRUE,TRUE,,,,
short-simply,,,,,,,Couleur,Blanc,Taille,M,CO-SHORT-SIMPLY-BLA-M,300,shopify,50,deny,manual,28.99,39.99,TRUE,TRUE,,,,
short-simply,,,,,,,Couleur,Blanc,Taille,L,CO-SHORT-SIMPLY-BLA-L,300,shopify,50,deny,manual,28.99,39.99,TRUE,TRUE,,,,
short-simply,,,,,,,Couleur,Blanc,Taille,XL,CO-SHORT-SIMPLY-BLA-XL,300,shopify,50,deny,manual,28.99,39.99,TRUE,TRUE,,,,
tshirt-stock,T-shirt Stock,"<p>Le <strong>T-shirt Stock</strong> — notre bestseller absolu. Coton peigné premium 200g/m², coupe athletic fit, résistant au lavage. Le must-have de la collection.</p>",Casa Outlet,T-shirt,"t-shirt, stock, bestseller, urbansports",TRUE,Couleur,Noir,Taille,S,CO-TSHIRT-STOCK-NOI-S,300,shopify,50,deny,manual,28.99,49.99,TRUE,TRUE,https://cdn.shopify.com/s/files/1/0838/2195/3356/files/WhatsApp_Image_2024-08-06_at_22.16.58_1.jpg?v=1723035315,1,T-shirt Stock,active
tshirt-stock,,,,,,,Couleur,Noir,Taille,M,CO-TSHIRT-STOCK-NOI-M,300,shopify,50,deny,manual,28.99,49.99,TRUE,TRUE,,,,
tshirt-stock,,,,,,,Couleur,Noir,Taille,L,CO-TSHIRT-STOCK-NOI-L,300,shopify,50,deny,manual,28.99,49.99,TRUE,TRUE,,,,
tshirt-stock,,,,,,,Couleur,Noir,Taille,XL,CO-TSHIRT-STOCK-NOI-XL,300,shopify,50,deny,manual,28.99,49.99,TRUE,TRUE,,,,
tshirt-stock,,,,,,,,,,,,,,,,,,,,,https://cdn.shopify.com/s/files/1/0838/2195/3356/files/WhatsApp_Image_2024-08-06_at_22.16.57.jpg?v=1723035341,2,T-shirt Stock - vue 2,
tshirt-stock,,,,,,,Couleur,Gris,Taille,S,CO-TSHIRT-STOCK-GRI-S,300,shopify,50,deny,manual,28.99,49.99,TRUE,TRUE,,,,
tshirt-stock,,,,,,,Couleur,Gris,Taille,M,CO-TSHIRT-STOCK-GRI-M,300,shopify,50,deny,manual,28.99,49.99,TRUE,TRUE,,,,
tshirt-stock,,,,,,,Couleur,Gris,Taille,L,CO-TSHIRT-STOCK-GRI-L,300,shopify,50,deny,manual,28.99,49.99,TRUE,TRUE,,,,
tshirt-stock,,,,,,,Couleur,Gris,Taille,XL,CO-TSHIRT-STOCK-GRI-XL,300,shopify,50,deny,manual,28.99,49.99,TRUE,TRUE,,,,
tshirt-stock,,,,,,,Couleur,Bleu,Taille,S,CO-TSHIRT-STOCK-BLE-S,300,shopify,50,deny,manual,28.99,49.99,TRUE,TRUE,,,,
tshirt-stock,,,,,,,Couleur,Bleu,Taille,M,CO-TSHIRT-STOCK-BLE-M,300,shopify,50,deny,manual,28.99,49.99,TRUE,TRUE,,,,
tshirt-stock,,,,,,,Couleur,Bleu,Taille,L,CO-TSHIRT-STOCK-BLE-L,300,shopify,50,deny,manual,28.99,49.99,TRUE,TRUE,,,,
tshirt-stock,,,,,,,Couleur,Bleu,Taille,XL,CO-TSHIRT-STOCK-BLE-XL,300,shopify,50,deny,manual,28.99,49.99,TRUE,TRUE,,,,
tshirt-stock,,,,,,,Couleur,Blanc,Taille,S,CO-TSHIRT-STOCK-BLA-S,300,shopify,50,deny,manual,28.99,49.99,TRUE,TRUE,,,,
tshirt-stock,,,,,,,Couleur,Blanc,Taille,M,CO-TSHIRT-STOCK-BLA-M,300,shopify,50,deny,manual,28.99,49.99,TRUE,TRUE,,,,
tshirt-stock,,,,,,,Couleur,Blanc,Taille,L,CO-TSHIRT-STOCK-BLA-L,300,shopify,50,deny,manual,28.99,49.99,TRUE,TRUE,,,,
tshirt-stock,,,,,,,Couleur,Blanc,Taille,XL,CO-TSHIRT-STOCK-BLA-XL,300,shopify,50,deny,manual,28.99,49.99,TRUE,TRUE,,,,
tshirt-start,T-shirt Start,"<p>Le <strong>T-shirt Start</strong> — nouvelle arrivée. Tissu technique léger, idéal pour l'entraînement. Col rond renforcé, coutures plates confortables.</p>",Casa Outlet,T-shirt,"t-shirt, start, nouveau, urbansports",TRUE,Couleur,Gris,Taille,S,CO-TSHIRT-START-GRI-S,300,shopify,50,deny,manual,29.99,49.99,TRUE,TRUE,https://cdn.shopify.com/s/files/1/0838/2195/3356/files/WhatsAppImage2024-08-06at22.16.45_1.jpg?v=1723031118,1,T-shirt Start,active
tshirt-start,,,,,,,Couleur,Gris,Taille,M,CO-TSHIRT-START-GRI-M,300,shopify,50,deny,manual,29.99,49.99,TRUE,TRUE,,,,
tshirt-start,,,,,,,Couleur,Gris,Taille,L,CO-TSHIRT-START-GRI-L,300,shopify,50,deny,manual,29.99,49.99,TRUE,TRUE,,,,
tshirt-start,,,,,,,Couleur,Gris,Taille,XL,CO-TSHIRT-START-GRI-XL,300,shopify,50,deny,manual,29.99,49.99,TRUE,TRUE,,,,
tshirt-start,,,,,,,,,,,,,,,,,,,,,https://cdn.shopify.com/s/files/1/0838/2195/3356/files/WhatsAppImage2024-08-06at22.16.45.jpg?v=1723031181,2,T-shirt Start - vue 2,
tshirt-start,,,,,,,Couleur,Bleu Marine,Taille,S,CO-TSHIRT-START-BLE-S,300,shopify,50,deny,manual,29.99,49.99,TRUE,TRUE,,,,
tshirt-start,,,,,,,Couleur,Bleu Marine,Taille,M,CO-TSHIRT-START-BLE-M,300,shopify,50,deny,manual,29.99,49.99,TRUE,TRUE,,,,
tshirt-start,,,,,,,Couleur,Bleu Marine,Taille,L,CO-TSHIRT-START-BLE-L,300,shopify,50,deny,manual,29.99,49.99,TRUE,TRUE,,,,
tshirt-start,,,,,,,Couleur,Bleu Marine,Taille,XL,CO-TSHIRT-START-BLE-XL,300,shopify,50,deny,manual,29.99,49.99,TRUE,TRUE,,,,
tshirt-start,,,,,,,Couleur,Bleu,Taille,S,CO-TSHIRT-START-BLE-S,300,shopify,50,deny,manual,29.99,49.99,TRUE,TRUE,,,,
tshirt-start,,,,,,,Couleur,Bleu,Taille,M,CO-TSHIRT-START-BLE-M,300,shopify,50,deny,manual,29.99,49.99,TRUE,TRUE,,,,
tshirt-start,,,,,,,Couleur,Bleu,Taille,L,CO-TSHIRT-START-BLE-L,300,shopify,50,deny,manual,29.99,49.99,TRUE,TRUE,,,,
tshirt-start,,,,,,,Couleur,Bleu,Taille,XL,CO-TSHIRT-START-BLE-XL,300,shopify,50,deny,manual,29.99,49.99,TRUE,TRUE,,,,
tshirt-start,,,,,,,Couleur,Noir,Taille,S,CO-TSHIRT-START-NOI-S,300,shopify,50,deny,manual,29.99,49.99,TRUE,TRUE,,,,
tshirt-start,,,,,,,Couleur,Noir,Taille,M,CO-TSHIRT-START-NOI-M,300,shopify,50,deny,manual,29.99,49.99,TRUE,TRUE,,,,
tshirt-start,,,,,,,Couleur,Noir,Taille,L,CO-TSHIRT-START-NOI-L,300,shopify,50,deny,manual,29.99,49.99,TRUE,TRUE,,,,
tshirt-start,,,,,,,Couleur,Noir,Taille,XL,CO-TSHIRT-START-NOI-XL,300,shopify,50,deny,manual,29.99,49.99,TRUE,TRUE,,,,
tshirt-blow,T-shirt Blow,"<p>Le <strong>T-shirt Blow</strong> — confort et style en toutes circonstances. Tissu jersey doux, coupe droite moderne, polyvalent sport/casual.</p>",Casa Outlet,T-shirt,"t-shirt, blow, sport, urbansports",TRUE,Couleur,Bleu,Taille,S,CO-TSHIRT-BLOW-BLE-S,300,shopify,50,deny,manual,29.99,49.99,TRUE,TRUE,https://cdn.shopify.com/s/files/1/0838/2195/3356/files/WhatsAppImage2024-08-06at22.16.22_1.jpg?v=1723030711,1,T-shirt Blow,active
tshirt-blow,,,,,,,Couleur,Bleu,Taille,M,CO-TSHIRT-BLOW-BLE-M,300,shopify,50,deny,manual,29.99,49.99,TRUE,TRUE,,,,
tshirt-blow,,,,,,,Couleur,Bleu,Taille,L,CO-TSHIRT-BLOW-BLE-L,300,shopify,50,deny,manual,29.99,49.99,TRUE,TRUE,,,,
tshirt-blow,,,,,,,Couleur,Bleu,Taille,XL,CO-TSHIRT-BLOW-BLE-XL,300,shopify,50,deny,manual,29.99,49.99,TRUE,TRUE,,,,
tshirt-blow,,,,,,,,,,,,,,,,,,,,,https://cdn.shopify.com/s/files/1/0838/2195/3356/files/WhatsAppImage2024-08-06at22.16.22.jpg?v=1723030736,2,T-shirt Blow - vue 2,
tshirt-blow,,,,,,,Couleur,Gris,Taille,S,CO-TSHIRT-BLOW-GRI-S,300,shopify,50,deny,manual,29.99,49.99,TRUE,TRUE,,,,
tshirt-blow,,,,,,,Couleur,Gris,Taille,M,CO-TSHIRT-BLOW-GRI-M,300,shopify,50,deny,manual,29.99,49.99,TRUE,TRUE,,,,
tshirt-blow,,,,,,,Couleur,Gris,Taille,L,CO-TSHIRT-BLOW-GRI-L,300,shopify,50,deny,manual,29.99,49.99,TRUE,TRUE,,,,
tshirt-blow,,,,,,,Couleur,Gris,Taille,XL,CO-TSHIRT-BLOW-GRI-XL,300,shopify,50,deny,manual,29.99,49.99,TRUE,TRUE,,,,
tshirt-blow,,,,,,,Couleur,Noir,Taille,S,CO-TSHIRT-BLOW-NOI-S,300,shopify,50,deny,manual,29.99,49.99,TRUE,TRUE,,,,
tshirt-blow,,,,,,,Couleur,Noir,Taille,M,CO-TSHIRT-BLOW-NOI-M,300,shopify,50,deny,manual,29.99,49.99,TRUE,TRUE,,,,
tshirt-blow,,,,,,,Couleur,Noir,Taille,L,CO-TSHIRT-BLOW-NOI-L,300,shopify,50,deny,manual,29.99,49.99,TRUE,TRUE,,,,
tshirt-blow,,,,,,,Couleur,Noir,Taille,XL,CO-TSHIRT-BLOW-NOI-XL,300,shopify,50,deny,manual,29.99,49.99,TRUE,TRUE,,,,
tshirt-blow,,,,,,,Couleur,Vert,Taille,S,CO-TSHIRT-BLOW-VER-S,300,shopify,50,deny,manual,29.99,49.99,TRUE,TRUE,,,,
tshirt-blow,,,,,,,Couleur,Vert,Taille,M,CO-TSHIRT-BLOW-VER-M,300,shopify,50,deny,manual,29.99,49.99,TRUE,TRUE,,,,
tshirt-blow,,,,,,,Couleur,Vert,Taille,L,CO-TSHIRT-BLOW-VER-L,300,shopify,50,deny,manual,29.99,49.99,TRUE,TRUE,,,,
tshirt-blow,,,,,,,Couleur,Vert,Taille,XL,CO-TSHIRT-BLOW-VER-XL,300,shopify,50,deny,manual,29.99,49.99,TRUE,TRUE,,,,
tshirt-city,T-shirt City,"<p>Le <strong>T-shirt City</strong> — le tee urban par excellence. Style streetwear premium, tissu épais 220g/m², confort toute la journée. Du sport à la ville.</p>",Casa Outlet,T-shirt,"t-shirt, city, urban, populaire, urbansports",TRUE,Couleur,Bleu,Taille,S,CO-TSHIRT-CITY-BLE-S,300,shopify,50,deny,manual,29.99,49.99,TRUE,TRUE,https://cdn.shopify.com/s/files/1/0838/2195/3356/files/WhatsAppImage2024-08-06at22.14.26_1.jpg?v=1723029485,1,T-shirt City,active
tshirt-city,,,,,,,Couleur,Bleu,Taille,M,CO-TSHIRT-CITY-BLE-M,300,shopify,50,deny,manual,29.99,49.99,TRUE,TRUE,,,,
tshirt-city,,,,,,,Couleur,Bleu,Taille,L,CO-TSHIRT-CITY-BLE-L,300,shopify,50,deny,manual,29.99,49.99,TRUE,TRUE,,,,
tshirt-city,,,,,,,Couleur,Bleu,Taille,XL,CO-TSHIRT-CITY-BLE-XL,300,shopify,50,deny,manual,29.99,49.99,TRUE,TRUE,,,,
tshirt-city,,,,,,,,,,,,,,,,,,,,,https://cdn.shopify.com/s/files/1/0838/2195/3356/files/WhatsAppImage2024-08-06at22.14.24_1.jpg?v=1723029066,2,T-shirt City - vue 2,
tshirt-city,,,,,,,Couleur,Gris,Taille,S,CO-TSHIRT-CITY-GRI-S,300,shopify,50,deny,manual,29.99,49.99,TRUE,TRUE,,,,
tshirt-city,,,,,,,Couleur,Gris,Taille,M,CO-TSHIRT-CITY-GRI-M,300,shopify,50,deny,manual,29.99,49.99,TRUE,TRUE,,,,
tshirt-city,,,,,,,Couleur,Gris,Taille,L,CO-TSHIRT-CITY-GRI-L,300,shopify,50,deny,manual,29.99,49.99,TRUE,TRUE,,,,
tshirt-city,,,,,,,Couleur,Gris,Taille,XL,CO-TSHIRT-CITY-GRI-XL,300,shopify,50,deny,manual,29.99,49.99,TRUE,TRUE,,,,
tshirt-city,,,,,,,Couleur,Blanc,Taille,S,CO-TSHIRT-CITY-BLA-S,300,shopify,50,deny,manual,29.99,49.99,TRUE,TRUE,,,,
tshirt-city,,,,,,,Couleur,Blanc,Taille,M,CO-TSHIRT-CITY-BLA-M,300,shopify,50,deny,manual,29.99,49.99,TRUE,TRUE,,,,
tshirt-city,,,,,,,Couleur,Blanc,Taille,L,CO-TSHIRT-CITY-BLA-L,300,shopify,50,deny,manual,29.99,49.99,TRUE,TRUE,,,,
tshirt-city,,,,,,,Couleur,Blanc,Taille,XL,CO-TSHIRT-CITY-BLA-XL,300,shopify,50,deny,manual,29.99,49.99,TRUE,TRUE,,,,
tshirt-city,,,,,,,Couleur,Noir,Taille,S,CO-TSHIRT-CITY-NOI-S,300,shopify,50,deny,manual,29.99,49.99,TRUE,TRUE,,,,
tshirt-city,,,,,,,Couleur,Noir,Taille,M,CO-TSHIRT-CITY-NOI-M,300,shopify,50,deny,manual,29.99,49.99,TRUE,TRUE,,,,
tshirt-city,,,,,,,Couleur,Noir,Taille,L,CO-TSHIRT-CITY-NOI-L,300,shopify,50,deny,manual,29.99,49.99,TRUE,TRUE,,,,
tshirt-city,,,,,,,Couleur,Noir,Taille,XL,CO-TSHIRT-CITY-NOI-XL,300,shopify,50,deny,manual,29.99,49.99,TRUE,TRUE,,,,
tshirt-zip,T-shirt Zip,"<p>Le <strong>T-shirt Zip</strong> — détail zip au col, design audacieux. Tissu technique anti-transpirant, parfait pour les entraînements intensifs.</p>",Casa Outlet,T-shirt,"t-shirt, zip, sport, urbansports",TRUE,Couleur,Turquoise,Taille,S,CO-TSHIRT-ZIP-TUR-S,300,shopify,50,deny,manual,29.99,49.99,TRUE,TRUE,https://cdn.shopify.com/s/files/1/0838/2195/3356/files/WhatsAppImage2024-08-06at22.13.45_1.jpg?v=1723022934,1,T-shirt Zip,active
tshirt-zip,,,,,,,Couleur,Turquoise,Taille,M,CO-TSHIRT-ZIP-TUR-M,300,shopify,50,deny,manual,29.99,49.99,TRUE,TRUE,,,,
tshirt-zip,,,,,,,Couleur,Turquoise,Taille,L,CO-TSHIRT-ZIP-TUR-L,300,shopify,50,deny,manual,29.99,49.99,TRUE,TRUE,,,,
tshirt-zip,,,,,,,Couleur,Turquoise,Taille,XL,CO-TSHIRT-ZIP-TUR-XL,300,shopify,50,deny,manual,29.99,49.99,TRUE,TRUE,,,,
tshirt-zip,,,,,,,,,,,,,,,,,,,,,https://cdn.shopify.com/s/files/1/0838/2195/3356/files/WhatsApp_Image_2024-08-06_at_22.18.09.jpg?v=1723037460,2,T-shirt Zip - vue 2,
tshirt-zip,,,,,,,Couleur,Bleu Marine,Taille,S,CO-TSHIRT-ZIP-BLE-S,300,shopify,50,deny,manual,29.99,49.99,TRUE,TRUE,,,,
tshirt-zip,,,,,,,Couleur,Bleu Marine,Taille,M,CO-TSHIRT-ZIP-BLE-M,300,shopify,50,deny,manual,29.99,49.99,TRUE,TRUE,,,,
tshirt-zip,,,,,,,Couleur,Bleu Marine,Taille,L,CO-TSHIRT-ZIP-BLE-L,300,shopify,50,deny,manual,29.99,49.99,TRUE,TRUE,,,,
tshirt-zip,,,,,,,Couleur,Bleu Marine,Taille,XL,CO-TSHIRT-ZIP-BLE-XL,300,shopify,50,deny,manual,29.99,49.99,TRUE,TRUE,,,,
tshirt-zip,,,,,,,Couleur,Noir,Taille,S,CO-TSHIRT-ZIP-NOI-S,300,shopify,50,deny,manual,29.99,49.99,TRUE,TRUE,,,,
tshirt-zip,,,,,,,Couleur,Noir,Taille,M,CO-TSHIRT-ZIP-NOI-M,300,shopify,50,deny,manual,29.99,49.99,TRUE,TRUE,,,,
tshirt-zip,,,,,,,Couleur,Noir,Taille,L,CO-TSHIRT-ZIP-NOI-L,300,shopify,50,deny,manual,29.99,49.99,TRUE,TRUE,,,,
tshirt-zip,,,,,,,Couleur,Noir,Taille,XL,CO-TSHIRT-ZIP-NOI-XL,300,shopify,50,deny,manual,29.99,49.99,TRUE,TRUE,,,,
tshirt-zip,,,,,,,Couleur,Gris,Taille,S,CO-TSHIRT-ZIP-GRI-S,300,shopify,50,deny,manual,29.99,49.99,TRUE,TRUE,,,,
tshirt-zip,,,,,,,Couleur,Gris,Taille,M,CO-TSHIRT-ZIP-GRI-M,300,shopify,50,deny,manual,29.99,49.99,TRUE,TRUE,,,,
tshirt-zip,,,,,,,Couleur,Gris,Taille,L,CO-TSHIRT-ZIP-GRI-L,300,shopify,50,deny,manual,29.99,49.99,TRUE,TRUE,,,,
tshirt-zip,,,,,,,Couleur,Gris,Taille,XL,CO-TSHIRT-ZIP-GRI-XL,300,shopify,50,deny,manual,29.99,49.99,TRUE,TRUE,,,,
tshirt-classic,T-shirt Classic,"<p>Le <strong>T-shirt Classic</strong> — indémodable et efficace. Coton 100% peigné, coupe regular, lavable à 40°. L'essentiel du vestiaire sport.</p>",Casa Outlet,T-shirt,"t-shirt, classic, casual, urbansports",TRUE,Couleur,Noir,Taille,S,CO-TSHIRT-CLASSIC-NOI-S,300,shopify,50,deny,manual,29.99,49.99,TRUE,TRUE,https://cdn.shopify.com/s/files/1/0838/2195/3356/files/WhatsAppImage2024-08-06at22.11.37.jpg?v=1722986649,1,T-shirt Classic,active
tshirt-classic,,,,,,,Couleur,Noir,Taille,M,CO-TSHIRT-CLASSIC-NOI-M,300,shopify,50,deny,manual,29.99,49.99,TRUE,TRUE,,,,
tshirt-classic,,,,,,,Couleur,Noir,Taille,L,CO-TSHIRT-CLASSIC-NOI-L,300,shopify,50,deny,manual,29.99,49.99,TRUE,TRUE,,,,
tshirt-classic,,,,,,,Couleur,Noir,Taille,XL,CO-TSHIRT-CLASSIC-NOI-XL,300,shopify,50,deny,manual,29.99,49.99,TRUE,TRUE,,,,
tshirt-classic,,,,,,,,,,,,,,,,,,,,,https://cdn.shopify.com/s/files/1/0838/2195/3356/files/WhatsAppImage2024-08-06at22.11.36_2.jpg?v=1722986541,2,T-shirt Classic - vue 2,
tshirt-classic,,,,,,,Couleur,Bleu,Taille,S,CO-TSHIRT-CLASSIC-BLE-S,300,shopify,50,deny,manual,29.99,49.99,TRUE,TRUE,,,,
tshirt-classic,,,,,,,Couleur,Bleu,Taille,M,CO-TSHIRT-CLASSIC-BLE-M,300,shopify,50,deny,manual,29.99,49.99,TRUE,TRUE,,,,
tshirt-classic,,,,,,,Couleur,Bleu,Taille,L,CO-TSHIRT-CLASSIC-BLE-L,300,shopify,50,deny,manual,29.99,49.99,TRUE,TRUE,,,,
tshirt-classic,,,,,,,Couleur,Bleu,Taille,XL,CO-TSHIRT-CLASSIC-BLE-XL,300,shopify,50,deny,manual,29.99,49.99,TRUE,TRUE,,,,
tshirt-classic,,,,,,,Couleur,Gris,Taille,S,CO-TSHIRT-CLASSIC-GRI-S,300,shopify,50,deny,manual,29.99,49.99,TRUE,TRUE,,,,
tshirt-classic,,,,,,,Couleur,Gris,Taille,M,CO-TSHIRT-CLASSIC-GRI-M,300,shopify,50,deny,manual,29.99,49.99,TRUE,TRUE,,,,
tshirt-classic,,,,,,,Couleur,Gris,Taille,L,CO-TSHIRT-CLASSIC-GRI-L,300,shopify,50,deny,manual,29.99,49.99,TRUE,TRUE,,,,
tshirt-classic,,,,,,,Couleur,Gris,Taille,XL,CO-TSHIRT-CLASSIC-GRI-XL,300,shopify,50,deny,manual,29.99,49.99,TRUE,TRUE,,,,
tshirt-classic,,,,,,,Couleur,Blanc,Taille,S,CO-TSHIRT-CLASSIC-BLA-S,300,shopify,50,deny,manual,29.99,49.99,TRUE,TRUE,,,,
tshirt-classic,,,,,,,Couleur,Blanc,Taille,M,CO-TSHIRT-CLASSIC-BLA-M,300,shopify,50,deny,manual,29.99,49.99,TRUE,TRUE,,,,
tshirt-classic,,,,,,,Couleur,Blanc,Taille,L,CO-TSHIRT-CLASSIC-BLA-L,300,shopify,50,deny,manual,29.99,49.99,TRUE,TRUE,,,,
tshirt-classic,,,,,,,Couleur,Blanc,Taille,XL,CO-TSHIRT-CLASSIC-BLA-XL,300,shopify,50,deny,manual,29.99,49.99,TRUE,TRUE,,,,
tshirt-build,T-shirt Build,"<p>Le <strong>T-shirt Build</strong> — construit pour la performance. Tissu résistant aux frottements, coutures renforcées, idéal pour la musculation.</p>",Casa Outlet,T-shirt,"t-shirt, build, training, urbansports",TRUE,Couleur,Bleu,Taille,S,CO-TSHIRT-BUILD-BLE-S,300,shopify,50,deny,manual,29.99,49.99,TRUE,TRUE,https://cdn.shopify.com/s/files/1/0838/2195/3356/files/WhatsApp_Image_2024-08-06_at_22.11.20_1.jpg?v=1722985909,1,T-shirt Build,active
tshirt-build,,,,,,,Couleur,Bleu,Taille,M,CO-TSHIRT-BUILD-BLE-M,300,shopify,50,deny,manual,29.99,49.99,TRUE,TRUE,,,,
tshirt-build,,,,,,,Couleur,Bleu,Taille,L,CO-TSHIRT-BUILD-BLE-L,300,shopify,50,deny,manual,29.99,49.99,TRUE,TRUE,,,,
tshirt-build,,,,,,,Couleur,Bleu,Taille,XL,CO-TSHIRT-BUILD-BLE-XL,300,shopify,50,deny,manual,29.99,49.99,TRUE,TRUE,,,,
tshirt-build,,,,,,,,,,,,,,,,,,,,,https://cdn.shopify.com/s/files/1/0838/2195/3356/files/WhatsApp_Image_2024-08-06_at_22.11.18_1.jpg?v=1722985805,2,T-shirt Build - vue 2,
tshirt-build,,,,,,,Couleur,Gris Clair,Taille,S,CO-TSHIRT-BUILD-GRI-S,300,shopify,50,deny,manual,29.99,49.99,TRUE,TRUE,,,,
tshirt-build,,,,,,,Couleur,Gris Clair,Taille,M,CO-TSHIRT-BUILD-GRI-M,300,shopify,50,deny,manual,29.99,49.99,TRUE,TRUE,,,,
tshirt-build,,,,,,,Couleur,Gris Clair,Taille,L,CO-TSHIRT-BUILD-GRI-L,300,shopify,50,deny,manual,29.99,49.99,TRUE,TRUE,,,,
tshirt-build,,,,,,,Couleur,Gris Clair,Taille,XL,CO-TSHIRT-BUILD-GRI-XL,300,shopify,50,deny,manual,29.99,49.99,TRUE,TRUE,,,,
tshirt-build,,,,,,,Couleur,Gris Foncé,Taille,S,CO-TSHIRT-BUILD-GRI-S,300,shopify,50,deny,manual,29.99,49.99,TRUE,TRUE,,,,
tshirt-build,,,,,,,Couleur,Gris Foncé,Taille,M,CO-TSHIRT-BUILD-GRI-M,300,shopify,50,deny,manual,29.99,49.99,TRUE,TRUE,,,,
tshirt-build,,,,,,,Couleur,Gris Foncé,Taille,L,CO-TSHIRT-BUILD-GRI-L,300,shopify,50,deny,manual,29.99,49.99,TRUE,TRUE,,,,
tshirt-build,,,,,,,Couleur,Gris Foncé,Taille,XL,CO-TSHIRT-BUILD-GRI-XL,300,shopify,50,deny,manual,29.99,49.99,TRUE,TRUE,,,,
tshirt-build,,,,,,,Couleur,Noir,Taille,S,CO-TSHIRT-BUILD-NOI-S,300,shopify,50,deny,manual,29.99,49.99,TRUE,TRUE,,,,
tshirt-build,,,,,,,Couleur,Noir,Taille,M,CO-TSHIRT-BUILD-NOI-M,300,shopify,50,deny,manual,29.99,49.99,TRUE,TRUE,,,,
tshirt-build,,,,,,,Couleur,Noir,Taille,L,CO-TSHIRT-BUILD-NOI-L,300,shopify,50,deny,manual,29.99,49.99,TRUE,TRUE,,,,
tshirt-build,,,,,,,Couleur,Noir,Taille,XL,CO-TSHIRT-BUILD-NOI-XL,300,shopify,50,deny,manual,29.99,49.99,TRUE,TRUE,,,,
tshirt-camouflage,T-shirt Camouflage,"<p>Le <strong>T-shirt Camouflage</strong> — édition limitée exclusif. Imprimé camouflage premium, tissu lourd 240g/m², statement piece incontournable.</p>",Casa Outlet,T-shirt,"t-shirt, camouflage, exclusif, military, urbansports",TRUE,Couleur,Kaki,Taille,S,CO-TSHIRT-CAMOUFLAGE-KAK-S,300,shopify,50,deny,manual,29.99,49.99,TRUE,TRUE,https://cdn.shopify.com/s/files/1/0838/2195/3356/files/WhatsApp_Image_2024-08-06_at_22.10.34.jpg?v=1722984685,1,T-shirt Camouflage,active
tshirt-camouflage,,,,,,,Couleur,Kaki,Taille,M,CO-TSHIRT-CAMOUFLAGE-KAK-M,300,shopify,50,deny,manual,29.99,49.99,TRUE,TRUE,,,,
tshirt-camouflage,,,,,,,Couleur,Kaki,Taille,L,CO-TSHIRT-CAMOUFLAGE-KAK-L,300,shopify,50,deny,manual,29.99,49.99,TRUE,TRUE,,,,
tshirt-camouflage,,,,,,,Couleur,Kaki,Taille,XL,CO-TSHIRT-CAMOUFLAGE-KAK-XL,300,shopify,50,deny,manual,29.99,49.99,TRUE,TRUE,,,,
tshirt-camouflage,,,,,,,,,,,,,,,,,,,,,https://cdn.shopify.com/s/files/1/0838/2195/3356/files/WhatsApp_Image_2024-08-06_at_22.10.36.jpg?v=1722984753,2,T-shirt Camouflage - vue 2,
tshirt-camouflage,,,,,,,Couleur,Bleu,Taille,S,CO-TSHIRT-CAMOUFLAGE-BLE-S,300,shopify,50,deny,manual,29.99,49.99,TRUE,TRUE,,,,
tshirt-camouflage,,,,,,,Couleur,Bleu,Taille,M,CO-TSHIRT-CAMOUFLAGE-BLE-M,300,shopify,50,deny,manual,29.99,49.99,TRUE,TRUE,,,,
tshirt-camouflage,,,,,,,Couleur,Bleu,Taille,L,CO-TSHIRT-CAMOUFLAGE-BLE-L,300,shopify,50,deny,manual,29.99,49.99,TRUE,TRUE,,,,
tshirt-camouflage,,,,,,,Couleur,Bleu,Taille,XL,CO-TSHIRT-CAMOUFLAGE-BLE-XL,300,shopify,50,deny,manual,29.99,49.99,TRUE,TRUE,,,,
tshirt-camouflage,,,,,,,Couleur,Gris,Taille,S,CO-TSHIRT-CAMOUFLAGE-GRI-S,300,shopify,50,deny,manual,29.99,49.99,TRUE,TRUE,,,,
tshirt-camouflage,,,,,,,Couleur,Gris,Taille,M,CO-TSHIRT-CAMOUFLAGE-GRI-M,300,shopify,50,deny,manual,29.99,49.99,TRUE,TRUE,,,,
tshirt-camouflage,,,,,,,Couleur,Gris,Taille,L,CO-TSHIRT-CAMOUFLAGE-GRI-L,300,shopify,50,deny,manual,29.99,49.99,TRUE,TRUE,,,,
tshirt-camouflage,,,,,,,Couleur,Gris,Taille,XL,CO-TSHIRT-CAMOUFLAGE-GRI-XL,300,shopify,50,deny,manual,29.99,49.99,TRUE,TRUE,,,,
tshirt-camouflage,,,,,,,Couleur,Noir,Taille,S,CO-TSHIRT-CAMOUFLAGE-NOI-S,300,shopify,50,deny,manual,29.99,49.99,TRUE,TRUE,,,,
tshirt-camouflage,,,,,,,Couleur,Noir,Taille,M,CO-TSHIRT-CAMOUFLAGE-NOI-M,300,shopify,50,deny,manual,29.99,49.99,TRUE,TRUE,,,,
tshirt-camouflage,,,,,,,Couleur,Noir,Taille,L,CO-TSHIRT-CAMOUFLAGE-NOI-L,300,shopify,50,deny,manual,29.99,49.99,TRUE,TRUE,,,,
tshirt-camouflage,,,,,,,Couleur,Noir,Taille,XL,CO-TSHIRT-CAMOUFLAGE-NOI-XL,300,shopify,50,deny,manual,29.99,49.99,TRUE,TRUE,,,,
tshirt-classy,T-shirt Classy,"<p>Le <strong>T-shirt Classy</strong> — élégance sportive. Tissu jersey premium, finitions soignées, pour ceux qui ne font pas de compromis entre style et performance.</p>",Casa Outlet,T-shirt,"t-shirt, classy, premium, urbansports",TRUE,Couleur,Blanc,Taille,S,CO-TSHIRT-CLASSY-BLA-S,300,shopify,50,deny,manual,29.99,49.99,TRUE,TRUE,https://cdn.shopify.com/s/files/1/0838/2195/3356/files/WhatsAppImage2024-08-06at22.13.55_2.jpg?v=1722984194,1,T-shirt Classy,active
tshirt-classy,,,,,,,Couleur,Blanc,Taille,M,CO-TSHIRT-CLASSY-BLA-M,300,shopify,50,deny,manual,29.99,49.99,TRUE,TRUE,,,,
tshirt-classy,,,,,,,Couleur,Blanc,Taille,L,CO-TSHIRT-CLASSY-BLA-L,300,shopify,50,deny,manual,29.99,49.99,TRUE,TRUE,,,,
tshirt-classy,,,,,,,Couleur,Blanc,Taille,XL,CO-TSHIRT-CLASSY-BLA-XL,300,shopify,50,deny,manual,29.99,49.99,TRUE,TRUE,,,,
tshirt-classy,,,,,,,,,,,,,,,,,,,,,https://cdn.shopify.com/s/files/1/0838/2195/3356/files/WhatsAppImage2024-08-06at22.13.57_1.jpg?v=1722984255,2,T-shirt Classy - vue 2,
tshirt-classy,,,,,,,Couleur,Gris,Taille,S,CO-TSHIRT-CLASSY-GRI-S,300,shopify,50,deny,manual,29.99,49.99,TRUE,TRUE,,,,
tshirt-classy,,,,,,,Couleur,Gris,Taille,M,CO-TSHIRT-CLASSY-GRI-M,300,shopify,50,deny,manual,29.99,49.99,TRUE,TRUE,,,,
tshirt-classy,,,,,,,Couleur,Gris,Taille,L,CO-TSHIRT-CLASSY-GRI-L,300,shopify,50,deny,manual,29.99,49.99,TRUE,TRUE,,,,
tshirt-classy,,,,,,,Couleur,Gris,Taille,XL,CO-TSHIRT-CLASSY-GRI-XL,300,shopify,50,deny,manual,29.99,49.99,TRUE,TRUE,,,,
tshirt-classy,,,,,,,Couleur,Bleu,Taille,S,CO-TSHIRT-CLASSY-BLE-S,300,shopify,50,deny,manual,29.99,49.99,TRUE,TRUE,,,,
tshirt-classy,,,,,,,Couleur,Bleu,Taille,M,CO-TSHIRT-CLASSY-BLE-M,300,shopify,50,deny,manual,29.99,49.99,TRUE,TRUE,,,,
tshirt-classy,,,,,,,Couleur,Bleu,Taille,L,CO-TSHIRT-CLASSY-BLE-L,300,shopify,50,deny,manual,29.99,49.99,TRUE,TRUE,,,,
tshirt-classy,,,,,,,Couleur,Bleu,Taille,XL,CO-TSHIRT-CLASSY-BLE-XL,300,shopify,50,deny,manual,29.99,49.99,TRUE,TRUE,,,,
tshirt-classy,,,,,,,Couleur,Noir,Taille,S,CO-TSHIRT-CLASSY-NOI-S,300,shopify,50,deny,manual,29.99,49.99,TRUE,TRUE,,,,
tshirt-classy,,,,,,,Couleur,Noir,Taille,M,CO-TSHIRT-CLASSY-NOI-M,300,shopify,50,deny,manual,29.99,49.99,TRUE,TRUE,,,,
tshirt-classy,,,,,,,Couleur,Noir,Taille,L,CO-TSHIRT-CLASSY-NOI-L,300,shopify,50,deny,manual,29.99,49.99,TRUE,TRUE,,,,
tshirt-classy,,,,,,,Couleur,Noir,Taille,XL,CO-TSHIRT-CLASSY-NOI-XL,300,shopify,50,deny,manual,29.99,49.99,TRUE,TRUE,,,,
tshirt-boss,T-shirt Boss,"<p>Le <strong>T-shirt Boss</strong> — le tee de ceux qui dominent. Coupe slim légèrement cintrée, tissu premium anti-boulochage, un favori de notre communauté.</p>",Casa Outlet,T-shirt,"t-shirt, boss, bestseller, urban, urbansports",TRUE,Couleur,Gris,Taille,S,CO-TSHIRT-BOSS-GRI-S,300,shopify,50,deny,manual,29.99,49.99,TRUE,TRUE,https://cdn.shopify.com/s/files/1/0838/2195/3356/files/WhatsAppImage2024-08-06at22.13.22.jpg?v=1722983560,1,T-shirt Boss,active
tshirt-boss,,,,,,,Couleur,Gris,Taille,M,CO-TSHIRT-BOSS-GRI-M,300,shopify,50,deny,manual,29.99,49.99,TRUE,TRUE,,,,
tshirt-boss,,,,,,,Couleur,Gris,Taille,L,CO-TSHIRT-BOSS-GRI-L,300,shopify,50,deny,manual,29.99,49.99,TRUE,TRUE,,,,
tshirt-boss,,,,,,,Couleur,Gris,Taille,XL,CO-TSHIRT-BOSS-GRI-XL,300,shopify,50,deny,manual,29.99,49.99,TRUE,TRUE,,,,
tshirt-boss,,,,,,,,,,,,,,,,,,,,,https://cdn.shopify.com/s/files/1/0838/2195/3356/files/WhatsAppImage2024-08-06at22.13.23_2.jpg?v=1722983537,2,T-shirt Boss - vue 2,
tshirt-boss,,,,,,,Couleur,Bleu Ciel,Taille,S,CO-TSHIRT-BOSS-BLE-S,300,shopify,50,deny,manual,29.99,49.99,TRUE,TRUE,,,,
tshirt-boss,,,,,,,Couleur,Bleu Ciel,Taille,M,CO-TSHIRT-BOSS-BLE-M,300,shopify,50,deny,manual,29.99,49.99,TRUE,TRUE,,,,
tshirt-boss,,,,,,,Couleur,Bleu Ciel,Taille,L,CO-TSHIRT-BOSS-BLE-L,300,shopify,50,deny,manual,29.99,49.99,TRUE,TRUE,,,,
tshirt-boss,,,,,,,Couleur,Bleu Ciel,Taille,XL,CO-TSHIRT-BOSS-BLE-XL,300,shopify,50,deny,manual,29.99,49.99,TRUE,TRUE,,,,
tshirt-boss,,,,,,,Couleur,Bleu Marine,Taille,S,CO-TSHIRT-BOSS-BLE-S,300,shopify,50,deny,manual,29.99,49.99,TRUE,TRUE,,,,
tshirt-boss,,,,,,,Couleur,Bleu Marine,Taille,M,CO-TSHIRT-BOSS-BLE-M,300,shopify,50,deny,manual,29.99,49.99,TRUE,TRUE,,,,
tshirt-boss,,,,,,,Couleur,Bleu Marine,Taille,L,CO-TSHIRT-BOSS-BLE-L,300,shopify,50,deny,manual,29.99,49.99,TRUE,TRUE,,,,
tshirt-boss,,,,,,,Couleur,Bleu Marine,Taille,XL,CO-TSHIRT-BOSS-BLE-XL,300,shopify,50,deny,manual,29.99,49.99,TRUE,TRUE,,,,
tshirt-boss,,,,,,,Couleur,Noir,Taille,S,CO-TSHIRT-BOSS-NOI-S,300,shopify,50,deny,manual,29.99,49.99,TRUE,TRUE,,,,
tshirt-boss,,,,,,,Couleur,Noir,Taille,M,CO-TSHIRT-BOSS-NOI-M,300,shopify,50,deny,manual,29.99,49.99,TRUE,TRUE,,,,
tshirt-boss,,,,,,,Couleur,Noir,Taille,L,CO-TSHIRT-BOSS-NOI-L,300,shopify,50,deny,manual,29.99,49.99,TRUE,TRUE,,,,
tshirt-boss,,,,,,,Couleur,Noir,Taille,XL,CO-TSHIRT-BOSS-NOI-XL,300,shopify,50,deny,manual,29.99,49.99,TRUE,TRUE,,,,
tshirt-glady,T-shirt Glady,"<p>Le <strong>T-shirt Glady</strong> — coloris vibrants et tissu respirant. Pour se démarquer à l'entraînement. Teinture fixée haute qualité, couleurs durables.</p>",Casa Outlet,T-shirt,"t-shirt, glady, sport, urbansports",TRUE,Couleur,Bleu Ciel,Taille,S,CO-TSHIRT-GLADY-BLE-S,300,shopify,50,deny,manual,29.99,49.99,TRUE,TRUE,https://cdn.shopify.com/s/files/1/0838/2195/3356/files/WhatsApp_Image_2024-08-06_at_22.13.07_2.jpg?v=1722981890,1,T-shirt Glady,active
tshirt-glady,,,,,,,Couleur,Bleu Ciel,Taille,M,CO-TSHIRT-GLADY-BLE-M,300,shopify,50,deny,manual,29.99,49.99,TRUE,TRUE,,,,
tshirt-glady,,,,,,,Couleur,Bleu Ciel,Taille,L,CO-TSHIRT-GLADY-BLE-L,300,shopify,50,deny,manual,29.99,49.99,TRUE,TRUE,,,,
tshirt-glady,,,,,,,Couleur,Bleu Ciel,Taille,XL,CO-TSHIRT-GLADY-BLE-XL,300,shopify,50,deny,manual,29.99,49.99,TRUE,TRUE,,,,
tshirt-glady,,,,,,,,,,,,,,,,,,,,,https://cdn.shopify.com/s/files/1/0838/2195/3356/files/WhatsApp_Image_2024-08-06_at_22.13.08_1.jpg?v=1722981747,2,T-shirt Glady - vue 2,
tshirt-glady,,,,,,,Couleur,Noir,Taille,S,CO-TSHIRT-GLADY-NOI-S,300,shopify,50,deny,manual,29.99,49.99,TRUE,TRUE,,,,
tshirt-glady,,,,,,,Couleur,Noir,Taille,M,CO-TSHIRT-GLADY-NOI-M,300,shopify,50,deny,manual,29.99,49.99,TRUE,TRUE,,,,
tshirt-glady,,,,,,,Couleur,Noir,Taille,L,CO-TSHIRT-GLADY-NOI-L,300,shopify,50,deny,manual,29.99,49.99,TRUE,TRUE,,,,
tshirt-glady,,,,,,,Couleur,Noir,Taille,XL,CO-TSHIRT-GLADY-NOI-XL,300,shopify,50,deny,manual,29.99,49.99,TRUE,TRUE,,,,
tshirt-glady,,,,,,,Couleur,Gris,Taille,S,CO-TSHIRT-GLADY-GRI-S,300,shopify,50,deny,manual,29.99,49.99,TRUE,TRUE,,,,
tshirt-glady,,,,,,,Couleur,Gris,Taille,M,CO-TSHIRT-GLADY-GRI-M,300,shopify,50,deny,manual,29.99,49.99,TRUE,TRUE,,,,
tshirt-glady,,,,,,,Couleur,Gris,Taille,L,CO-TSHIRT-GLADY-GRI-L,300,shopify,50,deny,manual,29.99,49.99,TRUE,TRUE,,,,
tshirt-glady,,,,,,,Couleur,Gris,Taille,XL,CO-TSHIRT-GLADY-GRI-XL,300,shopify,50,deny,manual,29.99,49.99,TRUE,TRUE,,,,
tshirt-glady,,,,,,,Couleur,Bleu Marine,Taille,S,CO-TSHIRT-GLADY-BLE-S,300,shopify,50,deny,manual,29.99,49.99,TRUE,TRUE,,,,
tshirt-glady,,,,,,,Couleur,Bleu Marine,Taille,M,CO-TSHIRT-GLADY-BLE-M,300,shopify,50,deny,manual,29.99,49.99,TRUE,TRUE,,,,
tshirt-glady,,,,,,,Couleur,Bleu Marine,Taille,L,CO-TSHIRT-GLADY-BLE-L,300,shopify,50,deny,manual,29.99,49.99,TRUE,TRUE,,,,
tshirt-glady,,,,,,,Couleur,Bleu Marine,Taille,XL,CO-TSHIRT-GLADY-BLE-XL,300,shopify,50,deny,manual,29.99,49.99,TRUE,TRUE,,,,
tshirt-fast,T-shirt Fast,"<p>Le <strong>T-shirt Fast</strong> — ultra-léger et ultra-rapide. Tissu mesh technique perforé, évacuation de l'humidité optimale, conçu pour les athlètes.</p>",Casa Outlet,T-shirt,"t-shirt, fast, running, urbansports",TRUE,Couleur,Bleu,Taille,S,CO-TSHIRT-FAST-BLE-S,300,shopify,50,deny,manual,29.99,49.99,TRUE,TRUE,https://cdn.shopify.com/s/files/1/0838/2195/3356/files/WhatsAppImage2024-08-06at22.12.53.jpg?v=1722978139,1,T-shirt Fast,active
tshirt-fast,,,,,,,Couleur,Bleu,Taille,M,CO-TSHIRT-FAST-BLE-M,300,shopify,50,deny,manual,29.99,49.99,TRUE,TRUE,,,,
tshirt-fast,,,,,,,Couleur,Bleu,Taille,L,CO-TSHIRT-FAST-BLE-L,300,shopify,50,deny,manual,29.99,49.99,TRUE,TRUE,,,,
tshirt-fast,,,,,,,Couleur,Bleu,Taille,XL,CO-TSHIRT-FAST-BLE-XL,300,shopify,50,deny,manual,29.99,49.99,TRUE,TRUE,,,,
tshirt-fast,,,,,,,,,,,,,,,,,,,,,https://cdn.shopify.com/s/files/1/0838/2195/3356/files/WhatsAppImage2024-08-06at22.12.54_1.jpg?v=1722978177,2,T-shirt Fast - vue 2,
tshirt-fast,,,,,,,Couleur,Blanc,Taille,S,CO-TSHIRT-FAST-BLA-S,300,shopify,50,deny,manual,29.99,49.99,TRUE,TRUE,,,,
tshirt-fast,,,,,,,Couleur,Blanc,Taille,M,CO-TSHIRT-FAST-BLA-M,300,shopify,50,deny,manual,29.99,49.99,TRUE,TRUE,,,,
tshirt-fast,,,,,,,Couleur,Blanc,Taille,L,CO-TSHIRT-FAST-BLA-L,300,shopify,50,deny,manual,29.99,49.99,TRUE,TRUE,,,,
tshirt-fast,,,,,,,Couleur,Blanc,Taille,XL,CO-TSHIRT-FAST-BLA-XL,300,shopify,50,deny,manual,29.99,49.99,TRUE,TRUE,,,,
tshirt-fast,,,,,,,Couleur,Gris,Taille,S,CO-TSHIRT-FAST-GRI-S,300,shopify,50,deny,manual,29.99,49.99,TRUE,TRUE,,,,
tshirt-fast,,,,,,,Couleur,Gris,Taille,M,CO-TSHIRT-FAST-GRI-M,300,shopify,50,deny,manual,29.99,49.99,TRUE,TRUE,,,,
tshirt-fast,,,,,,,Couleur,Gris,Taille,L,CO-TSHIRT-FAST-GRI-L,300,shopify,50,deny,manual,29.99,49.99,TRUE,TRUE,,,,
tshirt-fast,,,,,,,Couleur,Gris,Taille,XL,CO-TSHIRT-FAST-GRI-XL,300,shopify,50,deny,manual,29.99,49.99,TRUE,TRUE,,,,
tshirt-fast,,,,,,,Couleur,Noir,Taille,S,CO-TSHIRT-FAST-NOI-S,300,shopify,50,deny,manual,29.99,49.99,TRUE,TRUE,,,,
tshirt-fast,,,,,,,Couleur,Noir,Taille,M,CO-TSHIRT-FAST-NOI-M,300,shopify,50,deny,manual,29.99,49.99,TRUE,TRUE,,,,
tshirt-fast,,,,,,,Couleur,Noir,Taille,L,CO-TSHIRT-FAST-NOI-L,300,shopify,50,deny,manual,29.99,49.99,TRUE,TRUE,,,,
tshirt-fast,,,,,,,Couleur,Noir,Taille,XL,CO-TSHIRT-FAST-NOI-XL,300,shopify,50,deny,manual,29.99,49.99,TRUE,TRUE,,,,
tshirt-hunger,T-shirt Hunger,"<p>Le <strong>T-shirt Hunger</strong> — pour ceux qui ont faim de performance. Tissu robuste, coupe oversize légèrement ample, style sportif affirmé.</p>",Casa Outlet,T-shirt,"t-shirt, hunger, sport, urbansports",TRUE,Couleur,Kaki,Taille,S,CO-TSHIRT-HUNGER-KAK-S,300,shopify,50,deny,manual,29.99,49.99,TRUE,TRUE,https://cdn.shopify.com/s/files/1/0838/2195/3356/files/WhatsAppImage2024-08-06at22.17.11_1.jpg?v=1722976892,1,T-shirt Hunger,active
tshirt-hunger,,,,,,,Couleur,Kaki,Taille,M,CO-TSHIRT-HUNGER-KAK-M,300,shopify,50,deny,manual,29.99,49.99,TRUE,TRUE,,,,
tshirt-hunger,,,,,,,Couleur,Kaki,Taille,L,CO-TSHIRT-HUNGER-KAK-L,300,shopify,50,deny,manual,29.99,49.99,TRUE,TRUE,,,,
tshirt-hunger,,,,,,,Couleur,Kaki,Taille,XL,CO-TSHIRT-HUNGER-KAK-XL,300,shopify,50,deny,manual,29.99,49.99,TRUE,TRUE,,,,
tshirt-hunger,,,,,,,,,,,,,,,,,,,,,https://cdn.shopify.com/s/files/1/0838/2195/3356/files/WhatsAppImage2024-08-06at22.17.13.jpg?v=1722977142,2,T-shirt Hunger - vue 2,
tshirt-hunger,,,,,,,Couleur,Gris,Taille,S,CO-TSHIRT-HUNGER-GRI-S,300,shopify,50,deny,manual,29.99,49.99,TRUE,TRUE,,,,
tshirt-hunger,,,,,,,Couleur,Gris,Taille,M,CO-TSHIRT-HUNGER-GRI-M,300,shopify,50,deny,manual,29.99,49.99,TRUE,TRUE,,,,
tshirt-hunger,,,,,,,Couleur,Gris,Taille,L,CO-TSHIRT-HUNGER-GRI-L,300,shopify,50,deny,manual,29.99,49.99,TRUE,TRUE,,,,
tshirt-hunger,,,,,,,Couleur,Gris,Taille,XL,CO-TSHIRT-HUNGER-GRI-XL,300,shopify,50,deny,manual,29.99,49.99,TRUE,TRUE,,,,
tshirt-hunger,,,,,,,Couleur,Bleu,Taille,S,CO-TSHIRT-HUNGER-BLE-S,300,shopify,50,deny,manual,29.99,49.99,TRUE,TRUE,,,,
tshirt-hunger,,,,,,,Couleur,Bleu,Taille,M,CO-TSHIRT-HUNGER-BLE-M,300,shopify,50,deny,manual,29.99,49.99,TRUE,TRUE,,,,
tshirt-hunger,,,,,,,Couleur,Bleu,Taille,L,CO-TSHIRT-HUNGER-BLE-L,300,shopify,50,deny,manual,29.99,49.99,TRUE,TRUE,,,,
tshirt-hunger,,,,,,,Couleur,Bleu,Taille,XL,CO-TSHIRT-HUNGER-BLE-XL,300,shopify,50,deny,manual,29.99,49.99,TRUE,TRUE,,,,
tshirt-hunger,,,,,,,Couleur,Noir,Taille,S,CO-TSHIRT-HUNGER-NOI-S,300,shopify,50,deny,manual,29.99,49.99,TRUE,TRUE,,,,
tshirt-hunger,,,,,,,Couleur,Noir,Taille,M,CO-TSHIRT-HUNGER-NOI-M,300,shopify,50,deny,manual,29.99,49.99,TRUE,TRUE,,,,
tshirt-hunger,,,,,,,Couleur,Noir,Taille,L,CO-TSHIRT-HUNGER-NOI-L,300,shopify,50,deny,manual,29.99,49.99,TRUE,TRUE,,,,
tshirt-hunger,,,,,,,Couleur,Noir,Taille,XL,CO-TSHIRT-HUNGER-NOI-XL,300,shopify,50,deny,manual,29.99,49.99,TRUE,TRUE,,,,
